Parroquia,Casos_10_04_2020,Casos_11_04_2020,Casos_12_04_2020,Casos_13_04_2020,Casos_14_04_2020,Casos_15_04_2020,Casos_16_04_2020,Casos_17_04_2020,Casos_18_04_2020,Casos_19_04_2020,Casos_20_04_2020,Casos_21_04_2020,Casos_22_04_2020,Casos_23_04_2020,Casos_29_04_2020,Casos_30_04_2020,Casos_01_05_2020,Casos_02_05_2020,Casos_03_05_2020,Casos_04_05_2020,Casos_06_05_2020,Casos_07_05_2020,Casos_08_05_2020,Casos_09_05_2020,Casos_12_05_2020,Casos_13_05_2020,Casos_15_05_2020,Casos_16_05_2020,Casos_17_05_2020,Casos_18_05_2020,Casos_19_05_2020,Casos_23_05_2020,Casos_24_05_2020,Casos_25_05_2020,Casos_26_05_2020,Casos_27_05_2020,Casos_28_05_2020,Casos_31_05_2020,Casos_01_06_2020,Casos_02_06_2020,Casos_03_06_2020,Casos_05_06_2020,Casos_06_06_2020,Casos_07_06_2020,Casos_08_06_2020,Casos_10_06_2020,Casos_11_06_2020,Casos_12_06_2020,Casos_13_06_2020,Casos_14_06_2020,Casos_15_06_2020,Casos_16_06_2020,Casos_17_06_2020,Casos_18_06_2020,Casos_19_06_2020,Casos_20_06_2020,Casos_21_06_2020,Casos_22_06_2020,Casos_23_06_2020,Casos_24_06_2020,Casos_26_06_2020,Casos_27_06_2020,Casos_28_06_2020,Casos_29_06_2020,Casos_30_06_2020,Casos_01_07_2020,Casos_02_07_2020,Casos_05_07_2020,Casos_07_07_2020,Casos_09_07_2020,Casos_10_07_2020,Casos_11_07_2020,Casos_12_07_2020,Casos_14_07_2020,Casos_16_07_2020,Casos_17_07_2020,Casos_18_07_2020,Casos_19_07_2020,Casos_20_07_2020,Casos_21_07_2020,Casos_22_07_2020,Casos_23_07_2020,Casos_24_07_2020,Casos_25_07_2020,Casos_26_07_2020,Casos_27_07_2020,Casos_28_07_2020,Casos_29_07_2020,Casos_30_07_2020,Casos_31_07_2020,Casos_01_08_2020,Casos_03_08_2020,Casos_04_08_2020,Casos_05_08_2020,Casos_06_08_2020,Casos_07_08_2020,Casos_08_08_2020,Casos_09_08_2020,Casos_10_08_2020
CAYAMBE,1.0,1.0,1.0,1.0,1.0,1.0,1.0,1.0,1.0,1.0,1.0,1.0,1.0,1.0,3.0,3.0,4.0,4.0,4.0,4.0,6.0,6.0,6.0,6.0,6.0,6.0,6.0,6.0,6.0,6.0,6.0,7.0,7.0,7.0,7.0,11.0,11.0,11.0,13.0,13.0,13.0,15.0,15.0,19.0,19.0,19.0,19.0,21.0,28.0,28.0,28.0,28.0,28.0,29.0,29.0,29.0,29.0,29.0,29.0,30.0,32.0,32.0,32.0,33.0,35.0,45.0,50.0,62.0,67.0,68.0,69.0,69,70,72,75,76,77,78,78,78,79,82,87,88,89,91,95,97,99,102,106,107,107,107,110,111,112,112,112
ALOAG,2.0,2.0,2.0,2.0,2.0,3.0,3.0,3.0,3.0,3.0,3.0,3.0,3.0,3.0,4.0,5.0,6.0,6.0,7.0,7.0,7.0,7.0,8.0,8.0,7.0,7.0,8.0,8.0,8.0,10.0,10.0,13.0,13.0,13.0,13.0,13.0,13.0,14.0,17.0,18.0,17.0,18.0,20.0,21.0,21.0,21.0,21.0,22.0,23.0,23.0,24.0,25.0,25.0,25.0,25.0,25.0,27.0,27.0,27.0,28.0,31.0,32.0,32.0,32.0,33.0,35.0,37.0,37.0,56.0,56.0,56.0,57,58,61,62,62,63,63,63,69,72,73,73,73,78,79,79,79,81,81,81,81,82,83,85,86,86,86,86
CUTUGLAHUA,2.0,2.0,3.0,3.0,3.0,3.0,3.0,3.0,3.0,3.0,3.0,3.0,3.0,3.0,4.0,4.0,4.0,4.0,4.0,5.0,5.0,6.0,6.0,6.0,8.0,8.0,8.0,8.0,8.0,9.0,10.0,11.0,11.0,13.0,15.0,15.0,15.0,15.0,22.0,22.0,22.0,23.0,23.0,24.0,24.0,25.0,25.0,27.0,28.0,28.0,28.0,30.0,30.0,32.0,32.0,33.0,34.0,34.0,34.0,34.0,35.0,38.0,38.0,38.0,38.0,38.0,40.0,40.0,47.0,48.0,49.0,49,51,51,53,54,54,54,54,56,56,56,58,61,65,65,66,66,66,66,66,66,67,68,76,78,78,79,79
MACHACHI,7.0,11.0,12.0,12.0,12.0,13.0,14.0,14.0,14.0,15.0,15.0,15.0,16.0,16.0,19.0,20.0,20.0,21.0,22.0,21.0,22.0,22.0,23.0,23.0,25.0,25.0,29.0,31.0,33.0,34.0,35.0,47.0,48.0,51.0,54.0,54.0,56.0,58.0,62.0,63.0,68.0,71.0,73.0,75.0,77.0,80.0,82.0,84.0,88.0,88.0,92.0,94.0,94.0,96.0,96.0,99.0,103.0,103.0,104.0,106.0,110.0,111.0,114.0,120.0,121.0,127.0,132.0,151.0,155.0,158.0,161.0,169,171,171,173,174,175,176,177,181,188,189,192,194,195,196,197,197,204,211,211,211,220,224,228,234,237,237,238
MANUEL CORNEJO ASTORGA,2.0,2.0,2.0,2.0,2.0,2.0,2.0,2.0,2.0,2.0,2.0,2.0,2.0,2.0,2.0,2.0,2.0,2.0,2.0,2.0,2.0,2.0,2.0,2.0,2.0,2.0,2.0,2.0,2.0,2.0,2.0,2.0,2.0,2.0,2.0,2.0,2.0,2.0,2.0,2.0,2.0,2.0,2.0,2.0,2.0,2.0,2.0,2.0,2.0,2.0,2.0,2.0,2.0,2.0,2.0,2.0,2.0,2.0,2.0,2.0,2.0,2.0,2.0,2.0,2.0,2.0,2.0,2.0,2.0,5.0,5.0,5,5,5,5,5,5,5,5,5,5,5,5,7,7,7,7,7,9,9,9,9,9,9,9,14,,14,14
MALCHINGUI,1.0,1.0,1.0,1.0,1.0,1.0,1.0,1.0,1.0,1.0,1.0,1.0,1.0,1.0,1.0,1.0,1.0,1.0,1.0,1.0,1.0,1.0,1.0,1.0,1.0,1.0,1.0,1.0,1.0,1.0,1.0,1.0,1.0,1.0,1.0,1.0,1.0,1.0,1.0,1.0,1.0,1.0,1.0,1.0,1.0,1.0,1.0,1.0,1.0,1.0,1.0,1.0,1.0,1.0,1.0,1.0,1.0,1.0,1.0,1.0,1.0,1.0,1.0,1.0,1.0,1.0,1.0,1.0,1.0,2.0,2.0,2,2,2,2,2,2,2,2,2,2,2,2,2,2,2,2,2,3,3,3,3,3,4,6,8,8,8,8
TABACUNDO,1.0,1.0,1.0,1.0,1.0,1.0,1.0,1.0,1.0,1.0,1.0,1.0,1.0,1.0,1.0,1.0,1.0,1.0,1.0,1.0,1.0,1.0,1.0,2.0,2.0,2.0,2.0,2.0,2.0,2.0,3.0,3.0,3.0,3.0,3.0,3.0,3.0,3.0,3.0,3.0,3.0,3.0,3.0,3.0,3.0,3.0,3.0,3.0,3.0,3.0,3.0,3.0,3.0,3.0,3.0,3.0,4.0,4.0,4.0,4.0,4.0,4.0,4.0,4.0,4.0,6.0,6.0,6.0,6.0,8.0,8.0,8,9,9,11,11,11,11,11,11,11,12,14,14,14,14,15,15,15,15,15,15,15,15,16,16,17,17,17
PEDRO VICENTE MALDONADO,3.0,3.0,3.0,3.0,3.0,3.0,3.0,3.0,3.0,3.0,3.0,3.0,3.0,3.0,3.0,3.0,3.0,3.0,3.0,3.0,3.0,3.0,3.0,3.0,4.0,4.0,5.0,5.0,5.0,5.0,5.0,5.0,5.0,5.0,5.0,5.0,5.0,5.0,5.0,5.0,5.0,5.0,5.0,5.0,5.0,5.0,5.0,5.0,5.0,5.0,5.0,5.0,5.0,5.0,5.0,5.0,5.0,5.0,5.0,5.0,5.0,5.0,5.0,5.0,5.0,5.0,5.0,5.0,5.0,5.0,5.0,10,10,10,10,15,16,16,16,16,16,19,19,19,22,22,22,22,22,22,22,24,24,31,31,31,31,31,31
SAN PEDRO DE TABOADA,2.0,2.0,2.0,2.0,2.0,2.0,2.0,2.0,2.0,2.0,2.0,2.0,2.0,2.0,3.0,3.0,3.0,3.0,3.0,3.0,3.0,3.0,3.0,3.0,3.0,3.0,3.0,3.0,3.0,3.0,3.0,3.0,3.0,3.0,3.0,3.0,3.0,3.0,3.0,3.0,4.0,4.0,5.0,6.0,6.0,7.0,7.0,7.0,7.0,7.0,10.0,11.0,11.0,12.0,12.0,12.0,14.0,14.0,14.0,19.0,24.0,25.0,24.0,24.0,24.0,24.0,24.0,30.0,30.0,33.0,33.0,34,42,43,44,44,45,45,45,45,45,45,46,46,46,46,46,46,47,48,48,48,49,51,53,53,53,57,57
SAN RAFAEL,1.0,1.0,1.0,1.0,1.0,1.0,1.0,1.0,1.0,1.0,2.0,3.0,3.0,4.0,6.0,6.0,6.0,6.0,6.0,7.0,7.0,8.0,8.0,9.0,9.0,9.0,9.0,9.0,9.0,9.0,10.0,11.0,11.0,12.0,12.0,12.0,12.0,13.0,13.0,14.0,14.0,15.0,16.0,17.0,18.0,18.0,18.0,18.0,18.0,18.0,18.0,18.0,18.0,18.0,20.0,20.0,20.0,20.0,20.0,20.0,22.0,22.0,22.0,22.0,22.0,22.0,22.0,24.0,25.0,26.0,30.0,31,31,32,33,34,34,34,35,35,35,36,38,39,39,40,40,40,40,40,40,41,43,44,46,46,48,50,50
SANGOLQUI,19.0,19.0,19.0,19.0,19.0,20.0,22.0,26.0,27.0,28.0,29.0,30.0,32.0,32.0,38.0,38.0,38.0,39.0,39.0,39.0,40.0,40.0,39.0,40.0,47.0,47.0,49.0,51.0,52.0,55.0,55.0,69.0,73.0,78.0,84.0,85.0,86.0,87.0,106.0,108.0,111.0,114.0,118.0,121.0,122.0,137.0,138.0,140.0,146.0,147.0,149.0,160.0,161.0,163.0,170.0,174.0,181.0,181.0,182.0,184.0,189.0,197.0,211.0,221.0,236.0,241.0,257.0,285.0,293.0,310.0,323.0,335,356,360,373,388,396,397,401,433,446,456,467,479,482,487,505,524,535,537,540,542,567,588,593,598,601,618,622
ALANGASI,7.0,7.0,7.0,7.0,7.0,7.0,7.0,8.0,9.0,9.0,9.0,9.0,9.0,9.0,11.0,12.0,13.0,15.0,15.0,15.0,13.0,13.0,15.0,15.0,18.0,18.0,23.0,25.0,26.0,25.0,29.0,30.0,30.0,30.0,30.0,30.0,30.0,31.0,32.0,35.0,35.0,37.0,37.0,37.0,37.0,37.0,37.0,37.0,38.0,38.0,38.0,38.0,39.0,39.0,39.0,37.0,39.0,40.0,40.0,40.0,49.0,49.0,48.0,48.0,48.0,57.0,60.0,78.0,87.0,89.0,89.0,94,96,96,98,103,105,107,108,109,111,111,113,113,113,113,114,114,116,116,118,118,118,122,125,128,130,130,130
AMAGUANA,3.0,3.0,4.0,5.0,6.0,6.0,6.0,6.0,6.0,6.0,6.0,6.0,20.0,22.0,23.0,25.0,25.0,25.0,28.0,29.0,31.0,31.0,36.0,36.0,37.0,37.0,37.0,38.0,40.0,41.0,42.0,46.0,46.0,49.0,49.0,49.0,50.0,51.0,52.0,57.0,52.0,53.0,53.0,55.0,58.0,60.0,61.0,55.0,56.0,55.0,56.0,51.0,51.0,51.0,52.0,53.0,53.0,61.0,53.0,59.0,55.0,55.0,56.0,59.0,59.0,77.0,79.0,81.0,81.0,85.0,85.0,91,94,96,99,100,102,102,106,110,112,112,113,113,114,115,116,117,119,121,121,121,121,121,124,125,125,126,126
ATAHUALPA,3.0,3.0,3.0,3.0,3.0,3.0,3.0,3.0,3.0,3.0,3.0,3.0,3.0,3.0,3.0,3.0,3.0,3.0,4.0,4.0,4.0,5.0,5.0,5.0,6.0,6.0,6.0,6.0,6.0,6.0,6.0,6.0,6.0,6.0,6.0,6.0,7.0,7.0,7.0,4.0,7.0,7.0,7.0,7.0,6.0,7.0,7.0,8.0,8.0,8.0,8.0,8.0,8.0,8.0,8.0,8.0,9.0,9.0,9.0,9.0,9.0,9.0,9.0,9.0,9.0,9.0,9.0,9.0,9.0,10.0,10.0,10,10,11,12,12,12,14,14,14,14,15,15,16,16,16,16,16,16,17,17,17,17,17,17,19,21,20,20
BELISARIO QUEVEDO,21.0,24.0,24.0,25.0,28.0,31.0,32.0,36.0,37.0,40.0,44.0,50.0,51.0,53.0,96.0,99.0,101.0,111.0,115.0,120.0,131.0,134.0,135.0,147.0,160.0,161.0,175.0,179.0,179.0,184.0,194.0,237.0,240.0,244.0,259.0,262.0,265.0,267.0,272.0,266.0,253.0,263.0,263.0,267.0,283.0,293.0,295.0,282.0,286.0,286.0,288.0,316.0,321.0,327.0,330.0,350.0,350.0,354.0,358.0,369.0,367.0,370.0,371.0,376.0,378.0,399.0,416.0,439.0,443.0,478.0,494.0,563,573,595,631,647,654,659,688,706,722,731,748,753,760,769,772,775,785,789,793,799,801,834,863,905,924,925,928
CALACALI,1.0,1.0,1.0,1.0,1.0,1.0,1.0,1.0,1.0,1.0,1.0,1.0,1.0,2.0,4.0,4.0,4.0,5.0,5.0,5.0,5.0,5.0,5.0,5.0,5.0,5.0,5.0,5.0,5.0,5.0,5.0,5.0,5.0,5.0,5.0,5.0,5.0,5.0,6.0,4.0,4.0,4.0,4.0,4.0,6.0,6.0,6.0,6.0,6.0,6.0,6.0,6.0,6.0,7.0,7.0,7.0,7.0,7.0,7.0,7.0,7.0,7.0,7.0,7.0,7.0,7.0,7.0,8.0,8.0,9.0,9.0,11,11,11,11,11,11,11,11,11,11,11,11,11,11,11,11,11,11,11,11,12,12,12,13,13,13,13,14
CALDERON,29.0,32.0,35.0,35.0,35.0,35.0,36.0,40.0,40.0,40.0,42.0,42.0,46.0,50.0,70.0,71.0,73.0,79.0,89.0,89.0,97.0,98.0,98.0,101.0,112.0,112.0,120.0,121.0,126.0,125.0,129.0,148.0,151.0,156.0,155.0,159.0,163.0,164.0,172.0,174.0,179.0,190.0,196.0,199.0,205.0,209.0,211.0,215.0,223.0,225.0,236.0,233.0,238.0,245.0,253.0,254.0,254.0,254.0,280.0,293.0,291.0,294.0,309.0,313.0,328.0,382.0,399.0,444.0,462.0,488.0,499.0,505,524,549,584,596,608,613,622,648,664,683,702,714,727,735,753,771,789,798,812,816,816,831,893,931,949,955,960
CHAVEZPAMBA,2.0,2.0,2.0,2.0,2.0,2.0,3.0,3.0,3.0,3.0,3.0,3.0,3.0,3.0,4.0,4.0,4.0,4.0,4.0,4.0,4.0,4.0,5.0,5.0,4.0,4.0,4.0,4.0,4.0,4.0,4.0,4.0,4.0,4.0,4.0,4.0,4.0,4.0,4.0,3.0,3.0,3.0,3.0,4.0,4.0,4.0,5.0,5.0,5.0,5.0,5.0,5.0,5.0,6.0,6.0,7.0,7.0,7.0,7.0,7.0,7.0,7.0,8.0,8.0,8.0,8.0,8.0,8.0,9.0,9.0,9.0,10,10,10,10,10,10,10,10,10,10,10,10,10,10,10,10,10,10,10,10,11,12,12,12,13,13,14,14
CHECA,1.0,2.0,2.0,2.0,2.0,2.0,2.0,2.0,2.0,2.0,2.0,2.0,2.0,2.0,2.0,2.0,2.0,2.0,3.0,2.0,2.0,2.0,2.0,2.0,2.0,2.0,2.0,2.0,2.0,2.0,2.0,3.0,3.0,4.0,4.0,4.0,4.0,4.0,4.0,3.0,4.0,4.0,4.0,4.0,4.0,4.0,4.0,4.0,4.0,4.0,4.0,4.0,4.0,4.0,4.0,4.0,4.0,4.0,4.0,4.0,4.0,4.0,4.0,4.0,4.0,4.0,4.0,6.0,6.0,6.0,6.0,6,6,6,7,7,7,7,7,7,7,7,7,7,7,7,7,8,8,8,8,9,9,9,10,10,10,10,10
CHILIBULO,4.0,4.0,4.0,4.0,4.0,4.0,4.0,5.0,5.0,5.0,5.0,6.0,6.0,6.0,10.0,10.0,11.0,12.0,15.0,15.0,20.0,21.0,21.0,22.0,25.0,25.0,28.0,29.0,29.0,35.0,35.0,40.0,40.0,41.0,40.0,46.0,48.0,48.0,46.0,47.0,44.0,45.0,46.0,51.0,56.0,62.0,62.0,64.0,66.0,65.0,65.0,57.0,57.0,58.0,60.0,70.0,73.0,75.0,73.0,77.0,78.0,80.0,82.0,82.0,83.0,97.0,97.0,101.0,102.0,105.0,109.0,116,120,121,122,122,122,122,125,136,139,141,143,144,144,144,145,149,155,161,162,162,168,171,182,188,191,191,191
CHILLOGALLO,34.0,34.0,34.0,34.0,35.0,37.0,41.0,46.0,46.0,47.0,47.0,48.0,51.0,53.0,75.0,81.0,85.0,96.0,104.0,104.0,118.0,119.0,125.0,128.0,152.0,152.0,168.0,171.0,172.0,178.0,187.0,221.0,227.0,237.0,244.0,277.0,289.0,293.0,270.0,282.0,282.0,298.0,304.0,314.0,316.0,340.0,345.0,344.0,362.0,369.0,366.0,385.0,391.0,404.0,420.0,425.0,448.0,459.0,464.0,480.0,512.0,522.0,525.0,532.0,546.0,622.0,648.0,725.0,737.0,779.0,795.0,849,862,882,902,929,940,944,987,1.059,1.074,1.087,1.110,1.134,1.139,1.146,1.155,1.181,1.214,1.220,1.226,1.231,1.248,1.281,1.390,1.481,1.553,1.559,1.562
CHIMBACALLE,20.0,20.0,21.0,21.0,21.0,21.0,24.0,26.0,26.0,28.0,28.0,28.0,28.0,32.0,38.0,40.0,40.0,48.0,47.0,46.0,52.0,55.0,57.0,58.0,74.0,74.0,83.0,84.0,84.0,86.0,92.0,108.0,112.0,116.0,116.0,125.0,125.0,129.0,129.0,136.0,134.0,140.0,145.0,147.0,146.0,156.0,156.0,174.0,177.0,178.0,185.0,185.0,190.0,193.0,200.0,202.0,214.0,215.0,223.0,223.0,242.0,243.0,244.0,246.0,256.0,290.0,303.0,322.0,329.0,341.0,347.0,378,384,387,395,403,406,407,442,484,490,495,500,504,507,509,511,515,522,526,526,529,534,547,596,638,653,660,663
COCHAPAMBA,16.0,16.0,16.0,17.0,17.0,17.0,18.0,18.0,18.0,18.0,18.0,18.0,18.0,18.0,23.0,23.0,25.0,27.0,31.0,33.0,34.0,35.0,34.0,35.0,43.0,43.0,46.0,47.0,48.0,48.0,50.0,54.0,54.0,56.0,56.0,56.0,56.0,60.0,60.0,59.0,62.0,62.0,63.0,64.0,67.0,67.0,67.0,62.0,64.0,66.0,64.0,68.0,71.0,73.0,78.0,76.0,82.0,85.0,85.0,87.0,91.0,94.0,93.0,95.0,96.0,105.0,108.0,112.0,118.0,124.0,126.0,127,130,133,142,142,143,143,143,151,155,159,159,166,167,170,175,176,179,181,183,184,187,190,196,205,207,208,208
CONOCOTO,28.0,31.0,31.0,32.0,32.0,32.0,35.0,36.0,36.0,36.0,37.0,38.0,42.0,44.0,57.0,60.0,61.0,64.0,70.0,69.0,70.0,70.0,70.0,74.0,88.0,88.0,92.0,94.0,100.0,103.0,106.0,127.0,128.0,131.0,132.0,133.0,136.0,136.0,145.0,148.0,147.0,150.0,152.0,151.0,159.0,173.0,174.0,175.0,176.0,176.0,179.0,186.0,187.0,187.0,190.0,191.0,204.0,209.0,210.0,212.0,225.0,231.0,235.0,241.0,243.0,266.0,269.0,279.0,287.0,300.0,304.0,311,316,319,331,338,342,345,358,371,376,380,394,399,400,403,408,415,421,422,426,428,434,441,479,511,535,541,542
COTOCOLLAO,37.0,37.0,37.0,37.0,37.0,38.0,38.0,39.0,41.0,42.0,42.0,44.0,48.0,51.0,63.0,70.0,94.0,83.0,90.0,93.0,95.0,94.0,96.0,98.0,103.0,103.0,108.0,108.0,109.0,112.0,116.0,137.0,139.0,147.0,144.0,151.0,154.0,159.0,160.0,141.0,167.0,171.0,173.0,176.0,182.0,178.0,178.0,182.0,185.0,185.0,195.0,203.0,213.0,220.0,225.0,215.0,234.0,245.0,246.0,257.0,277.0,282.0,281.0,287.0,290.0,322.0,343.0,367.0,385.0,408.0,416.0,425,443,450,465,469,475,480,494,513,535,552,568,584,597,604,612,624,632,635,643,648,650,656,686,710,728,730,734
CUMBAYA,19.0,19.0,19.0,19.0,19.0,19.0,19.0,19.0,19.0,19.0,19.0,19.0,23.0,24.0,28.0,28.0,30.0,30.0,32.0,30.0,32.0,33.0,33.0,33.0,34.0,34.0,37.0,37.0,37.0,38.0,38.0,43.0,43.0,44.0,45.0,46.0,46.0,46.0,47.0,48.0,50.0,50.0,51.0,53.0,54.0,54.0,54.0,55.0,56.0,56.0,56.0,62.0,64.0,64.0,64.0,57.0,60.0,60.0,66.0,68.0,68.0,68.0,69.0,69.0,71.0,80.0,87.0,95.0,96.0,100.0,101.0,101,101,102,103,103,105,105,108,113,114,114,119,121,123,125,127,128,135,135,135,136,136,139,145,148,150,152,152
EL CONDADO,6.0,7.0,7.0,7.0,7.0,7.0,7.0,7.0,7.0,7.0,7.0,7.0,7.0,9.0,12.0,16.0,17.0,20.0,25.0,23.0,26.0,29.0,30.0,31.0,35.0,35.0,35.0,35.0,35.0,37.0,39.0,41.0,41.0,41.0,42.0,43.0,46.0,48.0,50.0,42.0,52.0,60.0,63.0,65.0,65.0,64.0,64.0,72.0,73.0,73.0,74.0,74.0,76.0,77.0,80.0,79.0,79.0,80.0,83.0,86.0,86.0,86.0,90.0,90.0,90.0,98.0,101.0,109.0,115.0,126.0,134.0,138,146,152,161,165,175,178,182,185,196,196,202,206,212,214,235,240,245,245,250,251,250,253,267,280,283,283,284
GUALEA,1.0,2.0,2.0,2.0,2.0,2.0,2.0,2.0,2.0,2.0,2.0,2.0,2.0,1.0,1.0,1.0,1.0,1.0,1.0,1.0,1.0,1.0,1.0,1.0,1.0,1.0,1.0,1.0,1.0,1.0,1.0,2.0,2.0,2.0,2.0,2.0,2.0,2.0,2.0,,2.0,2.0,2.0,2.0,1.0,1.0,1.0,1.0,1.0,1.0,1.0,1.0,1.0,1.0,1.0,1.0,1.0,2.0,2.0,3.0,2.0,2.0,2.0,2.0,2.0,7.0,7.0,8.0,8.0,8.0,8.0,8,8,8,9,9,9,9,9,10,10,10,10,10,10,10,10,10,12,12,12,12,12,12,12,13,13,13,13
GUAYLLABAMBA,4.0,4.0,4.0,4.0,4.0,4.0,4.0,4.0,4.0,4.0,4.0,4.0,4.0,4.0,6.0,6.0,6.0,6.0,8.0,7.0,8.0,8.0,7.0,7.0,7.0,7.0,7.0,7.0,7.0,7.0,7.0,7.0,7.0,8.0,8.0,8.0,8.0,8.0,8.0,6.0,8.0,8.0,9.0,9.0,9.0,10.0,10.0,11.0,12.0,12.0,11.0,11.0,11.0,12.0,12.0,10.0,11.0,12.0,12.0,13.0,12.0,16.0,16.0,16.0,16.0,19.0,19.0,18.0,18.0,19.0,22.0,22,23,24,25,25,25,25,26,26,29,30,32,32,32,32,32,33,34,35,35,35,35,35,35,37,37,38,38
INAQUITO,35.0,35.0,35.0,36.0,37.0,37.0,39.0,39.0,39.0,40.0,40.0,40.0,41.0,43.0,44.0,60.0,58.0,48.0,49.0,50.0,56.0,56.0,51.0,51.0,55.0,55.0,55.0,57.0,59.0,59.0,60.0,64.0,67.0,68.0,70.0,70.0,70.0,73.0,75.0,74.0,80.0,80.0,83.0,85.0,83.0,86.0,87.0,86.0,90.0,90.0,89.0,89.0,90.0,90.0,92.0,89.0,96.0,97.0,97.0,99.0,101.0,105.0,107.0,107.0,110.0,115.0,118.0,125.0,126.0,131.0,136.0,140,142,145,149,151,153,155,161,167,169,172,178,184,187,189,193,198,203,204,205,207,207,210,220,229,237,240,241
ITCHIMBIA,9.0,9.0,10.0,10.0,10.0,11.0,11.0,12.0,12.0,12.0,12.0,12.0,12.0,15.0,22.0,23.0,24.0,26.0,29.0,30.0,31.0,33.0,33.0,33.0,36.0,36.0,37.0,38.0,40.0,40.0,42.0,51.0,53.0,55.0,56.0,57.0,58.0,58.0,60.0,55.0,56.0,58.0,60.0,63.0,64.0,67.0,68.0,76.0,77.0,78.0,77.0,81.0,85.0,86.0,86.0,80.0,83.0,86.0,85.0,89.0,91.0,94.0,98.0,101.0,104.0,114.0,120.0,127.0,132.0,142.0,146.0,151,154,158,167,170,170,170,175,189,194,201,205,206,209,210,218,221,223,225,226,229,232,236,246,258,268,270,272
JIPIJAPA,6.0,6.0,6.0,6.0,6.0,6.0,6.0,6.0,6.0,6.0,6.0,6.0,9.0,9.0,10.0,10.0,10.0,11.0,12.0,11.0,12.0,13.0,15.0,15.0,14.0,14.0,14.0,14.0,14.0,14.0,15.0,16.0,16.0,18.0,18.0,18.0,18.0,18.0,19.0,20.0,21.0,21.0,21.0,21.0,21.0,21.0,21.0,22.0,23.0,23.0,23.0,21.0,21.0,21.0,22.0,26.0,23.0,24.0,24.0,25.0,25.0,30.0,30.0,30.0,30.0,35.0,35.0,36.0,38.0,39.0,41.0,43,43,43,44,44,45,45,48,51,52,54,56,58,58,58,59,59,61,61,61,61,61,62,65,67,67,68,69
KENNEDY,11.0,11.0,11.0,11.0,11.0,11.0,11.0,11.0,11.0,11.0,11.0,11.0,11.0,11.0,19.0,20.0,20.0,20.0,20.0,30.0,63.0,63.0,62.0,64.0,66.0,66.0,67.0,67.0,67.0,70.0,71.0,72.0,73.0,72.0,73.0,76.0,78.0,80.0,81.0,81.0,82.0,84.0,84.0,88.0,90.0,90.0,91.0,91.0,92.0,92.0,93.0,94.0,95.0,96.0,98.0,94.0,100.0,101.0,107.0,109.0,108.0,111.0,112.0,114.0,115.0,121.0,125.0,137.0,139.0,148.0,150.0,151,153,157,161,163,165,170,171,180,185,190,191,192,196,200,201,203,207,208,210,210,211,211,216,221,222,224,230
LA ARGELIA,6.0,6.0,6.0,6.0,6.0,7.0,7.0,7.0,8.0,8.0,8.0,8.0,13.0,13.0,26.0,27.0,30.0,31.0,31.0,31.0,33.0,34.0,35.0,35.0,36.0,36.0,38.0,38.0,38.0,41.0,44.0,58.0,61.0,66.0,68.0,71.0,73.0,80.0,80.0,83.0,89.0,95.0,96.0,99.0,102.0,103.0,104.0,105.0,105.0,105.0,108.0,108.0,108.0,110.0,114.0,114.0,125.0,127.0,132.0,133.0,137.0,138.0,138.0,139.0,143.0,165.0,167.0,182.0,187.0,194.0,195.0,209,216,219,229,232,233,235,245,263,264,266,269,269,271,272,276,279,284,287,288,288,288,297,316,329,337,343,343
LA ECUATORIANA,2.0,2.0,2.0,2.0,4.0,4.0,4.0,5.0,6.0,6.0,8.0,9.0,11.0,16.0,23.0,24.0,26.0,28.0,28.0,28.0,31.0,31.0,33.0,36.0,41.0,41.0,44.0,45.0,48.0,49.0,52.0,77.0,82.0,91.0,92.0,99.0,103.0,107.0,107.0,111.0,104.0,111.0,129.0,132.0,139.0,143.0,143.0,166.0,169.0,171.0,174.0,179.0,180.0,187.0,189.0,208.0,210.0,210.0,212.0,218.0,237.0,236.0,245.0,251.0,256.0,267.0,272.0,284.0,303.0,324.0,328.0,349,352,368,371,377,381,381,392,417,421,423,432,454,456,457,464,481,489,495,496,498,520,528,557,581,598,599,599
LA FERROVIARIA,10.0,11.0,11.0,12.0,12.0,12.0,13.0,14.0,14.0,16.0,16.0,16.0,16.0,17.0,28.0,30.0,30.0,30.0,33.0,32.0,38.0,42.0,44.0,45.0,52.0,52.0,54.0,54.0,56.0,59.0,64.0,77.0,78.0,80.0,83.0,86.0,87.0,90.0,91.0,95.0,93.0,101.0,102.0,104.0,109.0,116.0,116.0,108.0,109.0,109.0,110.0,112.0,115.0,116.0,121.0,123.0,122.0,124.0,125.0,130.0,139.0,140.0,142.0,144.0,150.0,164.0,171.0,186.0,188.0,192.0,197.0,206,207,209,211,216,217,217,223,232,235,236,240,241,241,244,245,245,249,249,250,251,252,256,283,303,309,310,313
LA LIBERTAD,4.0,4.0,4.0,4.0,4.0,6.0,6.0,6.0,8.0,8.0,8.0,9.0,9.0,10.0,19.0,23.0,28.0,29.0,33.0,32.0,38.0,39.0,43.0,47.0,57.0,57.0,65.0,64.0,68.0,72.0,75.0,85.0,86.0,89.0,87.0,89.0,92.0,92.0,91.0,88.0,85.0,88.0,91.0,91.0,93.0,99.0,99.0,106.0,106.0,107.0,108.0,114.0,114.0,115.0,115.0,118.0,117.0,119.0,120.0,120.0,126.0,126.0,125.0,125.0,126.0,129.0,129.0,132.0,133.0,136.0,137.0,138,138,139,142,143,143,143,146,150,150,154,156,157,159,159,160,163,165,165,165,166,167,168,176,179,182,183,183
LA MAGDALENA,12.0,14.0,15.0,16.0,16.0,18.0,21.0,22.0,22.0,24.0,26.0,26.0,26.0,27.0,47.0,48.0,51.0,60.0,62.0,66.0,79.0,80.0,82.0,89.0,105.0,105.0,109.0,110.0,115.0,123.0,143.0,175.0,178.0,184.0,192.0,200.0,208.0,215.0,218.0,230.0,229.0,244.0,248.0,253.0,250.0,260.0,265.0,265.0,269.0,271.0,276.0,288.0,292.0,298.0,305.0,328.0,315.0,321.0,322.0,332.0,339.0,344.0,348.0,350.0,354.0,386.0,408.0,430.0,438.0,451.0,456.0,486,494,506,519,522,533,541,561,602,618,623,630,636,639,642,647,653,663,668,670,671,677,695,746,791,814,822,824
LA MENA,1.0,1.0,1.0,1.0,1.0,2.0,2.0,3.0,3.0,3.0,4.0,5.0,4.0,5.0,9.0,10.0,11.0,11.0,11.0,11.0,14.0,15.0,15.0,16.0,21.0,21.0,21.0,21.0,22.0,24.0,25.0,31.0,31.0,32.0,32.0,32.0,37.0,38.0,45.0,46.0,51.0,53.0,53.0,54.0,53.0,56.0,56.0,58.0,58.0,60.0,62.0,60.0,60.0,62.0,62.0,62.0,62.0,63.0,63.0,67.0,71.0,72.0,72.0,73.0,73.0,79.0,84.0,93.0,95.0,95.0,96.0,103,103,103,104,108,109,110,111,115,116,117,119,122,122,124,126,131,135,135,135,135,136,145,154,169,178,179,179
MARISCAL SUCRE,5.0,5.0,5.0,5.0,5.0,5.0,5.0,5.0,5.0,5.0,5.0,5.0,5.0,7.0,9.0,9.0,9.0,9.0,10.0,10.0,13.0,13.0,11.0,11.0,11.0,11.0,12.0,12.0,13.0,13.0,13.0,15.0,15.0,14.0,13.0,14.0,16.0,16.0,17.0,14.0,17.0,19.0,19.0,20.0,20.0,21.0,22.0,21.0,24.0,24.0,25.0,27.0,27.0,28.0,30.0,30.0,30.0,31.0,31.0,33.0,32.0,34.0,33.0,34.0,35.0,35.0,39.0,41.0,44.0,46.0,46.0,53,54,55,57,60,61,61,61,63,65,68,70,70,70,72,72,73,76,76,76,76,76,76,76,79,79,80,80
NANEGAL,1.0,1.0,1.0,1.0,2.0,4.0,4.0,4.0,4.0,4.0,4.0,4.0,4.0,4.0,5.0,5.0,5.0,5.0,6.0,6.0,5.0,5.0,5.0,5.0,6.0,6.0,6.0,6.0,6.0,6.0,6.0,6.0,6.0,6.0,6.0,6.0,6.0,6.0,6.0,6.0,6.0,6.0,6.0,6.0,6.0,6.0,6.0,6.0,6.0,6.0,6.0,6.0,6.0,6.0,6.0,6.0,6.0,6.0,6.0,6.0,6.0,6.0,6.0,6.0,6.0,7.0,7.0,9.0,9.0,9.0,9.0,9,11,11,11,11,11,11,11,11,11,11,11,11,11,11,11,11,11,11,11,11,11,12,12,12,12,12,12
NANEGALITO,2.0,2.0,3.0,3.0,3.0,2.0,2.0,2.0,2.0,2.0,2.0,2.0,2.0,2.0,2.0,2.0,2.0,2.0,2.0,2.0,3.0,3.0,2.0,2.0,2.0,2.0,2.0,2.0,2.0,2.0,2.0,2.0,2.0,2.0,2.0,2.0,2.0,2.0,2.0,1.0,2.0,2.0,2.0,2.0,2.0,2.0,2.0,2.0,2.0,2.0,2.0,2.0,2.0,2.0,2.0,2.0,3.0,3.0,3.0,3.0,3.0,3.0,3.0,3.0,3.0,3.0,3.0,3.0,3.0,3.0,3.0,3,3,3,3,3,3,3,3,3,3,3,3,3,3,3,3,3,3,3,3,3,3,3,4,4,5,6,6
NAYON,2.0,2.0,2.0,2.0,2.0,2.0,2.0,2.0,2.0,2.0,2.0,2.0,4.0,4.0,7.0,7.0,7.0,8.0,9.0,8.0,8.0,8.0,8.0,8.0,8.0,8.0,9.0,8.0,11.0,11.0,11.0,12.0,12.0,14.0,14.0,14.0,14.0,14.0,15.0,19.0,20.0,22.0,21.0,25.0,25.0,26.0,26.0,26.0,28.0,28.0,28.0,24.0,24.0,25.0,26.0,36.0,34.0,35.0,34.0,35.0,40.0,41.0,41.0,41.0,41.0,45.0,45.0,49.0,50.0,52.0,53.0,57,58,58,60,60,60,60,60,63,64,64,65,65,66,68,69,70,73,73,73,73,73,75,79,80,80,81,82
NONO,1.0,1.0,1.0,1.0,1.0,1.0,1.0,1.0,1.0,1.0,1.0,1.0,1.0,1.0,1.0,1.0,2.0,2.0,3.0,2.0,2.0,2.0,2.0,2.0,2.0,2.0,2.0,2.0,2.0,2.0,2.0,2.0,2.0,2.0,2.0,2.0,2.0,2.0,2.0,1.0,2.0,2.0,2.0,2.0,2.0,2.0,2.0,2.0,2.0,2.0,3.0,3.0,3.0,3.0,3.0,3.0,3.0,3.0,3.0,3.0,4.0,4.0,4.0,5.0,5.0,5.0,5.0,5.0,5.0,6.0,6.0,6,6,6,7,7,8,8,8,8,8,8,8,8,8,8,8,9,9,9,9,9,9,9,9,9,9,9,10
PIFO,3.0,3.0,3.0,3.0,3.0,3.0,4.0,5.0,5.0,5.0,5.0,5.0,5.0,5.0,6.0,6.0,6.0,6.0,6.0,7.0,7.0,7.0,7.0,8.0,9.0,9.0,10.0,10.0,10.0,11.0,13.0,15.0,15.0,16.0,16.0,16.0,16.0,16.0,16.0,19.0,19.0,19.0,19.0,20.0,19.0,19.0,19.0,19.0,19.0,20.0,21.0,24.0,24.0,24.0,24.0,24.0,23.0,24.0,24.0,26.0,25.0,25.0,25.0,25.0,25.0,28.0,28.0,30.0,30.0,32.0,32.0,32,33,34,34,34,34,34,34,34,35,35,36,39,39,40,41,42,42,43,43,45,45,46,51,52,52,52,52
POMASQUI,10.0,10.0,10.0,10.0,10.0,10.0,10.0,11.0,11.0,11.0,11.0,11.0,11.0,12.0,12.0,16.0,16.0,17.0,17.0,17.0,17.0,17.0,17.0,18.0,18.0,18.0,20.0,20.0,21.0,27.0,31.0,42.0,48.0,51.0,51.0,51.0,52.0,52.0,57.0,56.0,63.0,69.0,72.0,72.0,71.0,74.0,74.0,75.0,75.0,75.0,77.0,76.0,77.0,78.0,78.0,79.0,79.0,79.0,80.0,81.0,86.0,87.0,88.0,88.0,90.0,95.0,99.0,103.0,104.0,105.0,110.0,111,116,118,121,121,122,122,124,124,129,129,130,130,133,136,142,143,146,146,146,147,147,150,160,165,169,169,171
PONCEANO,2.0,2.0,2.0,2.0,2.0,2.0,2.0,2.0,2.0,2.0,2.0,2.0,3.0,3.0,4.0,4.0,4.0,4.0,4.0,4.0,5.0,5.0,5.0,5.0,6.0,6.0,6.0,6.0,6.0,6.0,6.0,6.0,6.0,6.0,6.0,6.0,6.0,6.0,6.0,5.0,6.0,7.0,8.0,9.0,10.0,10.0,10.0,10.0,10.0,11.0,11.0,9.0,10.0,10.0,10.0,12.0,13.0,13.0,13.0,13.0,14.0,14.0,16.0,17.0,17.0,18.0,18.0,18.0,18.0,19.0,20.0,20,22,22,23,23,23,23,26,26,28,28,28,28,28,29,29,29,29,30,30,30,30,32,34,37,37,37,37
PUEMBO,4.0,4.0,4.0,4.0,4.0,4.0,4.0,4.0,4.0,4.0,4.0,4.0,4.0,4.0,4.0,4.0,6.0,6.0,7.0,7.0,7.0,7.0,7.0,7.0,10.0,10.0,11.0,11.0,11.0,11.0,12.0,15.0,15.0,15.0,15.0,15.0,15.0,15.0,15.0,15.0,15.0,17.0,17.0,17.0,18.0,18.0,18.0,20.0,20.0,20.0,21.0,22.0,22.0,23.0,24.0,23.0,22.0,22.0,22.0,22.0,24.0,24.0,24.0,24.0,24.0,26.0,26.0,29.0,30.0,31.0,32.0,33,33,34,34,34,36,36,36,38,39,39,39,40,40,41,41,41,41,42,42,42,42,42,45,46,46,46,46
QUITUMBE,18.0,19.0,20.0,20.0,21.0,21.0,24.0,28.0,28.0,28.0,28.0,30.0,29.0,29.0,36.0,38.0,39.0,40.0,42.0,42.0,43.0,43.0,44.0,44.0,49.0,49.0,54.0,54.0,58.0,59.0,66.0,73.0,74.0,81.0,85.0,89.0,95.0,98.0,98.0,105.0,111.0,131.0,133.0,136.0,139.0,139.0,143.0,150.0,153.0,156.0,160.0,154.0,158.0,162.0,162.0,173.0,174.0,176.0,180.0,184.0,194.0,199.0,220.0,223.0,225.0,242.0,256.0,275.0,283.0,295.0,312.0,336,340,345,357,359,362,365,384,398,399,402,409,411,413,419,425,434,447,466,466,470,474,489,527,557,573,596,597
RUMIPAMBA,3.0,3.0,3.0,3.0,3.0,4.0,4.0,4.0,4.0,4.0,4.0,5.0,5.0,5.0,7.0,7.0,7.0,8.0,8.0,8.0,8.0,7.0,7.0,9.0,10.0,10.0,10.0,10.0,10.0,10.0,10.0,10.0,10.0,10.0,10.0,10.0,10.0,10.0,11.0,13.0,13.0,13.0,13.0,13.0,13.0,13.0,13.0,14.0,14.0,17.0,18.0,20.0,22.0,22.0,22.0,21.0,21.0,21.0,21.0,21.0,21.0,23.0,23.0,24.0,1.0,1.0,1.0,1.0,1.0,1.0,1.0,1,1,1,3,3,3,3,3,3,3,3,3,3,3,3,3,3,3,3,3,3,3,3,3,3,3,3,3
SAN ANTONIO,1.0,1.0,1.0,1.0,1.0,1.0,2.0,2.0,4.0,4.0,4.0,4.0,4.0,4.0,5.0,5.0,7.0,8.0,10.0,9.0,9.0,9.0,9.0,9.0,12.0,12.0,14.0,14.0,14.0,14.0,14.0,17.0,17.0,18.0,18.0,18.0,19.0,19.0,23.0,23.0,20.0,21.0,21.0,22.0,19.0,20.0,20.0,27.0,27.0,27.0,28.0,27.0,27.0,27.0,28.0,29.0,28.0,28.0,29.0,30.0,33.0,33.0,33.0,34.0,36.0,39.0,41.0,43.0,45.0,48.0,52.0,52,56,57,59,60,62,63,64,68,73,74,80,83,84,86,86,87,89,89,89,89,89,90,97,103,104,104,104
SAN BARTOLO,9.0,9.0,9.0,9.0,9.0,11.0,13.0,13.0,15.0,17.0,18.0,19.0,19.0,19.0,21.0,21.0,23.0,24.0,24.0,25.0,28.0,28.0,29.0,29.0,34.0,34.0,38.0,38.0,39.0,45.0,49.0,55.0,56.0,55.0,59.0,61.0,62.0,63.0,63.0,68.0,64.0,68.0,67.0,68.0,72.0,76.0,77.0,77.0,79.0,80.0,81.0,82.0,82.0,83.0,87.0,95.0,97.0,101.0,102.0,104.0,113.0,114.0,115.0,115.0,116.0,136.0,147.0,159.0,163.0,170.0,176.0,192,198,209,216,227,230,231,261,286,286,286,288,291,293,294,297,300,303,306,307,307,309,319,346,383,392,394,395
SAN ISIDRO DEL INCA,10.0,11.0,14.0,14.0,15.0,16.0,21.0,23.0,24.0,24.0,25.0,26.0,27.0,27.0,30.0,30.0,30.0,31.0,32.0,32.0,36.0,36.0,37.0,40.0,40.0,40.0,41.0,43.0,44.0,44.0,52.0,56.0,56.0,56.0,55.0,58.0,59.0,60.0,63.0,57.0,56.0,59.0,59.0,60.0,63.0,65.0,65.0,65.0,65.0,66.0,67.0,68.0,69.0,69.0,74.0,74.0,75.0,76.0,78.0,81.0,83.0,86.0,90.0,90.0,91.0,97.0,99.0,107.0,109.0,114.0,116.0,116,118,121,126,130,133,133,138,148,152,155,160,162,168,170,176,180,184,188,190,193,195,196,204,208,209,210,210
SAN JUAN,2.0,2.0,2.0,2.0,2.0,2.0,3.0,3.0,3.0,4.0,4.0,4.0,6.0,7.0,17.0,17.0,18.0,21.0,21.0,25.0,24.0,24.0,25.0,25.0,34.0,34.0,35.0,35.0,35.0,37.0,37.0,46.0,47.0,50.0,52.0,54.0,57.0,57.0,60.0,68.0,65.0,71.0,79.0,81.0,88.0,86.0,87.0,99.0,101.0,102.0,103.0,98.0,101.0,108.0,108.0,112.0,114.0,117.0,120.0,124.0,129.0,129.0,129.0,130.0,131.0,144.0,147.0,153.0,156.0,166.0,169.0,177,188,190,191,191,193,193,197,210,214,217,228,232,240,244,244,247,249,249,250,254,256,259,278,283,288,291,291
SOLANDA,7.0,7.0,7.0,9.0,10.0,10.0,11.0,13.0,13.0,16.0,16.0,18.0,19.0,19.0,25.0,25.0,25.0,29.0,31.0,30.0,32.0,32.0,33.0,34.0,40.0,40.0,43.0,43.0,43.0,43.0,51.0,64.0,64.0,66.0,66.0,73.0,73.0,73.0,70.0,68.0,64.0,71.0,72.0,76.0,80.0,87.0,87.0,91.0,96.0,97.0,99.0,96.0,102.0,105.0,107.0,117.0,116.0,120.0,126.0,130.0,143.0,143.0,153.0,159.0,168.0,186.0,194.0,212.0,218.0,227.0,229.0,249,253,259,263,276,284,287,305,327,332,336,342,343,343,344,346,356,377,378,380,381,385,399,430,453,475,481,482
TABABELA,10.0,10.0,10.0,10.0,10.0,10.0,10.0,10.0,10.0,10.0,10.0,10.0,10.0,10.0,10.0,10.0,11.0,11.0,12.0,11.0,11.0,11.0,11.0,11.0,11.0,11.0,11.0,11.0,11.0,11.0,11.0,12.0,12.0,12.0,12.0,12.0,12.0,12.0,12.0,13.0,14.0,14.0,14.0,14.0,14.0,14.0,14.0,15.0,15.0,15.0,15.0,14.0,14.0,14.0,14.0,15.0,15.0,15.0,15.0,15.0,16.0,16.0,16.0,16.0,16.0,16.0,16.0,16.0,16.0,17.0,18.0,19,19,19,20,20,20,20,21,21,21,21,21,21,21,21,21,21,21,21,21,21,21,21,22,23,24,25,26
TUMBACO,7.0,7.0,7.0,7.0,7.0,7.0,17.0,18.0,18.0,18.0,18.0,18.0,20.0,23.0,30.0,31.0,33.0,34.0,37.0,38.0,41.0,42.0,42.0,43.0,43.0,43.0,47.0,47.0,48.0,50.0,50.0,58.0,60.0,62.0,62.0,63.0,64.0,64.0,66.0,69.0,68.0,69.0,69.0,71.0,74.0,74.0,74.0,72.0,72.0,72.0,72.0,79.0,80.0,80.0,81.0,77.0,77.0,78.0,85.0,86.0,81.0,81.0,82.0,82.0,82.0,95.0,99.0,106.0,107.0,113.0,117.0,123,123,128,133,136,138,138,139,139,143,143,146,146,147,148,149,150,153,154,154,156,157,160,170,176,184,190,192
TURUBAMBA,8.0,8.0,8.0,8.0,8.0,8.0,8.0,9.0,9.0,9.0,9.0,9.0,9.0,9.0,17.0,17.0,17.0,18.0,18.0,19.0,19.0,19.0,20.0,20.0,24.0,24.0,25.0,25.0,26.0,30.0,31.0,39.0,39.0,40.0,43.0,45.0,47.0,47.0,48.0,48.0,52.0,55.0,56.0,59.0,59.0,59.0,61.0,60.0,61.0,61.0,62.0,67.0,67.0,68.0,68.0,72.0,70.0,70.0,71.0,76.0,78.0,80.0,82.0,83.0,85.0,91.0,93.0,96.0,99.0,103.0,104.0,110,113,118,121,123,125,126,131,135,135,135,137,138,139,140,141,143,147,149,152,152,155,157,170,186,192,193,193
YARUQUI,2.0,2.0,2.0,2.0,2.0,2.0,3.0,3.0,3.0,3.0,3.0,3.0,3.0,3.0,4.0,4.0,7.0,8.0,11.0,11.0,11.0,11.0,12.0,12.0,13.0,13.0,14.0,14.0,15.0,15.0,15.0,25.0,25.0,27.0,27.0,28.0,28.0,28.0,30.0,29.0,31.0,32.0,32.0,32.0,30.0,31.0,31.0,31.0,31.0,31.0,31.0,32.0,32.0,34.0,34.0,30.0,30.0,32.0,34.0,36.0,35.0,36.0,36.0,36.0,36.0,42.0,42.0,44.0,46.0,46.0,46.0,46,46,47,48,48,48,49,49,52,53,54,54,54,54,54,55,57,58,58,58,58,58,58,60,65,67,68,68
ZAMBIZA,1.0,1.0,1.0,1.0,1.0,1.0,1.0,1.0,1.0,1.0,1.0,1.0,2.0,3.0,4.0,5.0,5.0,5.0,5.0,5.0,5.0,5.0,5.0,5.0,5.0,5.0,5.0,5.0,5.0,5.0,5.0,6.0,6.0,6.0,6.0,6.0,6.0,6.0,6.0,6.0,6.0,6.0,6.0,6.0,6.0,6.0,6.0,6.0,6.0,6.0,6.0,6.0,6.0,6.0,6.0,6.0,6.0,6.0,6.0,6.0,7.0,8.0,8.0,8.0,8.0,11.0,11.0,13.0,14.0,15.0,16.0,17,17,18,18,18,18,18,18,18,19,19,19,20,21,21,21,22,24,24,24,24,24,25,25,27,27,27,27
PUENGASI,7.0,8.0,10.0,10.0,10.0,10.0,10.0,10.0,10.0,10.0,10.0,10.0,10.0,14.0,15.0,16.0,16.0,16.0,16.0,17.0,22.0,22.0,19.0,20.0,25.0,25.0,26.0,26.0,26.0,26.0,28.0,32.0,32.0,33.0,34.0,35.0,37.0,37.0,40.0,43.0,45.0,46.0,51.0,54.0,60.0,60.0,63.0,77.0,78.0,79.0,81.0,81.0,81.0,82.0,84.0,90.0,93.0,93.0,99.0,99.0,114.0,116.0,115.0,116.0,119.0,127.0,135.0,156.0,159.0,174.0,181.0,193,194,196,203,207,207,207,214,228,230,233,240,244,249,252,252,256,262,264,265,267,269,278,300,307,329,338,341
CENTRO HISTORICO,12.0,13.0,16.0,19.0,21.0,25.0,26.0,27.0,27.0,28.0,29.0,31.0,39.0,48.0,71.0,80.0,89.0,91.0,99.0,101.0,120.0,132.0,131.0,140.0,163.0,164.0,167.0,169.0,171.0,180.0,186.0,204.0,206.0,215.0,225.0,229.0,231.0,231.0,242.0,239.0,252.0,259.0,263.0,263.0,269.0,279.0,280.0,291.0,294.0,295.0,305.0,312.0,315.0,317.0,318.0,324.0,333.0,338.0,345.0,349.0,354.0,354.0,363.0,365.0,369.0,398.0,419.0,443.0,445.0,465.0,470.0,484,491,502,509,514,516,518,526,545,550,554,564,570,576,578,585,592,600,605,609,610,615,631,663,698,711,710,711
GUAMANI,21.0,23.0,24.0,25.0,27.0,28.0,29.0,29.0,30.0,33.0,35.0,36.0,37.0,43.0,60.0,63.0,64.0,68.0,70.0,72.0,82.0,85.0,85.0,85.0,102.0,103.0,110.0,111.0,119.0,127.0,145.0,191.0,195.0,202.0,209.0,221.0,227.0,239.0,237.0,253.0,255.0,270.0,273.0,288.0,294.0,320.0,324.0,311.0,323.0,330.0,335.0,353.0,354.0,359.0,368.0,380.0,399.0,411.0,416.0,429.0,452.0,462.0,465.0,469.0,474.0,521.0,535.0,588.0,599.0,614.0,632.0,686,728,737,756,763,785,785,809,854,868,872,887,897,897,899,919,925,941,969,976,986,996,1.021,1.109,1.171,1.199,1.217,1.219
CARCELEN,15.0,16.0,16.0,16.0,16.0,16.0,16.0,16.0,16.0,17.0,17.0,17.0,17.0,17.0,24.0,24.0,25.0,27.0,28.0,32.0,31.0,34.0,34.0,34.0,35.0,35.0,36.0,36.0,37.0,36.0,42.0,42.0,42.0,42.0,41.0,42.0,42.0,42.0,42.0,39.0,42.0,42.0,42.0,45.0,47.0,49.0,49.0,53.0,54.0,56.0,57.0,57.0,58.0,59.0,59.0,58.0,57.0,58.0,61.0,62.0,63.0,63.0,68.0,69.0,72.0,77.0,83.0,98.0,105.0,109.0,116.0,119,121,126,131,131,133,135,137,139,144,146,154,155,156,158,161,163,171,173,178,180,185,188,197,204,207,209,210
LA CONCEPCION,14.0,14.0,13.0,13.0,11.0,11.0,13.0,13.0,13.0,13.0,13.0,13.0,15.0,16.0,19.0,19.0,21.0,21.0,21.0,22.0,21.0,21.0,22.0,24.0,25.0,25.0,27.0,27.0,27.0,27.0,27.0,31.0,31.0,31.0,31.0,31.0,32.0,33.0,33.0,33.0,32.0,32.0,34.0,35.0,35.0,36.0,37.0,40.0,40.0,41.0,42.0,43.0,44.0,43.0,44.0,46.0,47.0,49.0,47.0,48.0,48.0,47.0,48.0,48.0,49.0,52.0,53.0,54.0,56.0,59.0,61.0,64,64,66,68,69,72,72,74,75,78,79,80,81,82,83,84,86,88,88,89,89,91,92,98,105,107,107,107
COMITE DEL PUEBLO,7.0,7.0,7.0,7.0,7.0,7.0,7.0,7.0,7.0,7.0,7.0,7.0,7.0,9.0,14.0,16.0,18.0,19.0,22.0,21.0,21.0,22.0,25.0,27.0,35.0,35.0,36.0,40.0,40.0,42.0,42.0,46.0,47.0,52.0,55.0,58.0,58.0,58.0,60.0,57.0,58.0,60.0,62.0,63.0,64.0,72.0,71.0,73.0,73.0,75.0,76.0,84.0,84.0,86.0,91.0,87.0,88.0,90.0,91.0,95.0,106.0,107.0,113.0,114.0,117.0,122.0,127.0,147.0,150.0,158.0,160.0,168,171,178,189,197,198,201,206,214,218,228,239,248,249,252,261,266,269,269,279,282,299,300,303,309,311,312,314
COTOGCHOA,,,1.0,1.0,1.0,1.0,1.0,1.0,1.0,1.0,1.0,1.0,1.0,1.0,2.0,2.0,2.0,2.0,2.0,2.0,2.0,2.0,2.0,2.0,2.0,2.0,2.0,2.0,2.0,2.0,2.0,2.0,2.0,2.0,2.0,2.0,2.0,2.0,2.0,2.0,2.0,2.0,2.0,2.0,2.0,2.0,3.0,3.0,3.0,3.0,3.0,4.0,4.0,4.0,4.0,4.0,4.0,4.0,5.0,5.0,5.0,6.0,7.0,7.0,8.0,8.0,8.0,8.0,8.0,8.0,9.0,9,9,9,9,9,10,10,10,14,15,15,15,15,15,15,15,15,15,15,15,15,16,17,17,17,17,17,17
PACTO,,,,,,1.0,1.0,1.0,1.0,1.0,1.0,1.0,1.0,1.0,2.0,2.0,2.0,2.0,2.0,2.0,2.0,2.0,2.0,2.0,2.0,2.0,2.0,2.0,2.0,2.0,2.0,2.0,2.0,2.0,2.0,2.0,2.0,2.0,2.0,2.0,2.0,2.0,2.0,2.0,2.0,2.0,2.0,2.0,2.0,2.0,2.0,2.0,2.0,2.0,2.0,2.0,2.0,2.0,2.0,2.0,2.0,2.0,2.0,2.0,2.0,3.0,3.0,3.0,3.0,3.0,3.0,3,3,3,3,4,4,4,4,4,4,4,4,4,6,6,7,7,7,7,7,7,7,7,7,8,8,8,8
PINTAG,,,,,,1.0,1.0,1.0,1.0,1.0,1.0,1.0,2.0,3.0,2.0,2.0,2.0,5.0,6.0,6.0,6.0,6.0,6.0,6.0,12.0,12.0,13.0,13.0,13.0,13.0,14.0,18.0,18.0,22.0,24.0,24.0,24.0,25.0,28.0,35.0,33.0,35.0,35.0,35.0,39.0,37.0,38.0,35.0,35.0,36.0,36.0,34.0,34.0,35.0,35.0,38.0,41.0,47.0,43.0,44.0,53.0,53.0,47.0,50.0,50.0,67.0,68.0,68.0,72.0,72.0,73.0,75,75,75,76,76,76,76,76,77,77,77,78,78,79,79,79,80,80,82,82,82,84,85,91,91,93,93,93
LLANO CHICO,,,,,,,1.0,1.0,1.0,1.0,1.0,1.0,1.0,1.0,1.0,1.0,2.0,2.0,3.0,4.0,6.0,6.0,7.0,8.0,9.0,9.0,9.0,9.0,9.0,10.0,10.0,13.0,13.0,13.0,14.0,14.0,14.0,14.0,15.0,15.0,14.0,16.0,17.0,19.0,23.0,21.0,21.0,22.0,22.0,23.0,23.0,22.0,22.0,23.0,23.0,25.0,25.0,26.0,25.0,26.0,27.0,27.0,27.0,28.0,29.0,35.0,35.0,39.0,44.0,45.0,47.0,48,48,49,52,52,52,52,52,55,57,60,62,64,64,64,68,71,72,72,73,73,73,75,85,89,91,91,92
PUERTO QUITO,,,,,,,,1.0,1.0,1.0,1.0,2.0,2.0,2.0,5.0,5.0,5.0,5.0,8.0,8.0,8.0,8.0,8.0,9.0,9.0,9.0,9.0,11.0,11.0,11.0,11.0,11.0,11.0,11.0,14.0,15.0,15.0,16.0,16.0,16.0,19.0,20.0,22.0,22.0,22.0,22.0,25.0,26.0,34.0,34.0,34.0,34.0,34.0,34.0,34.0,34.0,37.0,37.0,38.0,38.0,43.0,44.0,44.0,44.0,44.0,44.0,44.0,49.0,49.0,52.0,52.0,55,55,58,58,58,61,61,61,61,61,69,69,70,78,78,78,78,78,78,78,86,86,93,93,94,94,94,94
GUANGOPOLO,,,,,,,,,,,,,1.0,1.0,1.0,1.0,1.0,1.0,1.0,2.0,2.0,2.0,2.0,2.0,2.0,2.0,2.0,2.0,2.0,2.0,2.0,2.0,2.0,2.0,3.0,3.0,3.0,4.0,4.0,3.0,4.0,4.0,5.0,5.0,5.0,5.0,5.0,6.0,6.0,6.0,6.0,4.0,4.0,4.0,4.0,6.0,4.0,4.0,4.0,4.0,5.0,5.0,6.0,6.0,6.0,8.0,8.0,10.0,10.0,10.0,10.0,11,11,11,11,11,11,11,11,14,14,15,16,16,16,16,16,16,16,16,17,17,17,17,20,20,20,20,20
ALOASI,,,,,,,,,,,,,,1.0,1.0,1.0,1.0,1.0,1.0,1.0,1.0,1.0,1.0,1.0,1.0,1.0,1.0,2.0,2.0,2.0,3.0,3.0,3.0,3.0,3.0,3.0,3.0,3.0,5.0,5.0,5.0,5.0,5.0,5.0,5.0,5.0,5.0,5.0,5.0,5.0,9.0,9.0,9.0,9.0,9.0,9.0,9.0,9.0,9.0,10.0,11.0,11.0,11.0,11.0,11.0,11.0,11.0,11.0,19.0,25.0,25.0,26,26,28,30,30,30,30,30,30,35,35,35,35,37,38,38,38,38,42,42,42,42,42,43,43,43,43,43
EL QUINCHE,,,,,,,,,,,,,,,2.0,2.0,2.0,2.0,4.0,7.0,5.0,5.0,6.0,6.0,5.0,5.0,5.0,6.0,6.0,6.0,6.0,6.0,6.0,6.0,6.0,6.0,6.0,7.0,10.0,10.0,9.0,9.0,9.0,9.0,9.0,9.0,9.0,9.0,9.0,9.0,9.0,9.0,9.0,9.0,9.0,10.0,10.0,11.0,10.0,11.0,11.0,11.0,11.0,11.0,11.0,12.0,14.0,15.0,15.0,19.0,19.0,21,21,21,22,22,27,27,27,27,27,29,29,29,29,29,31,31,31,31,33,33,33,33,36,36,40,40,40
TAMBILLO,,,,,,,,,,,,,,,4.0,5.0,5.0,5.0,5.0,5.0,5.0,5.0,5.0,5.0,7.0,7.0,7.0,7.0,7.0,7.0,8.0,9.0,9.0,11.0,12.0,12.0,12.0,12.0,13.0,13.0,14.0,14.0,14.0,15.0,15.0,16.0,16.0,18.0,18.0,18.0,19.0,19.0,19.0,20.0,20.0,20.0,21.0,21.0,22.0,22.0,22.0,22.0,24.0,24.0,24.0,24.0,26.0,27.0,28.0,29.0,30.0,30,32,37,38,38,39,39,40,47,52,53,53,53,53,53,53,54,54,62,62,62,62,62,64,64,65,66,66
SAN MIGUEL DE LOS BANCOS,,,,,,,,,,,,,,,1.0,1.0,1.0,1.0,1.0,1.0,1.0,1.0,1.0,1.0,2.0,2.0,2.0,2.0,2.0,2.0,2.0,4.0,4.0,4.0,4.0,4.0,4.0,5.0,6.0,6.0,7.0,7.0,7.0,7.0,7.0,7.0,7.0,8.0,8.0,8.0,8.0,8.0,8.0,8.0,8.0,8.0,8.0,8.0,8.0,8.0,9.0,9.0,9.0,9.0,9.0,9.0,9.0,9.0,9.0,12.0,12.0,19,19,21,21,28,28,28,28,28,28,32,36,36,45,45,45,45,45,45,45,47,47,54,54,54,54,62,62
TUPIGACHI,,,,,,,,,,,,,,,,,,1.0,1.0,1.0,1.0,1.0,1.0,1.0,1.0,1.0,1.0,1.0,1.0,1.0,1.0,1.0,1.0,1.0,1.0,1.0,1.0,1.0,1.0,1.0,1.0,1.0,1.0,1.0,1.0,1.0,1.0,1.0,1.0,1.0,1.0,1.0,1.0,1.0,1.0,1.0,1.0,1.0,1.0,1.0,1.0,1.0,1.0,1.0,1.0,1.0,1.0,3.0,3.0,3.0,4.0,4,4,4,4,4,4,4,4,4,4,4,4,4,4,4,4,4,4,4,4,4,4,4,5,5,5,5,5
LA ESPERANZA,,,,,,,,,,,,,,,,,,,2.0,2.0,3.0,3.0,3.0,4.0,4.0,4.0,4.0,4.0,4.0,4.0,4.0,5.0,5.0,5.0,5.0,5.0,5.0,5.0,5.0,5.0,5.0,5.0,5.0,5.0,5.0,5.0,5.0,5.0,6.0,6.0,6.0,6.0,6.0,6.0,6.0,6.0,6.0,6.0,6.0,6.0,6.0,6.0,6.0,6.0,6.0,6.0,6.0,7.0,7.0,7.0,7.0,7,7,7,7,7,7,8,8,8,8,8,10,11,11,12,12,12,12,12,13,13,13,13,13,13,13,13,13
PUELLARO,,,,,,,,,,,,,,,,,,,,1.0,1.0,1.0,1.0,1.0,1.0,1.0,1.0,1.0,1.0,1.0,1.0,1.0,1.0,1.0,1.0,1.0,1.0,2.0,2.0,2.0,2.0,2.0,2.0,2.0,2.0,1.0,1.0,2.0,2.0,2.0,2.0,1.0,1.0,1.0,1.0,2.0,1.0,1.0,1.0,1.0,1.0,1.0,1.0,1.0,1.0,2.0,2.0,2.0,2.0,2.0,2.0,2,2,2,2,2,2,2,2,2,3,3,4,4,4,4,4,4,4,4,4,4,4,4,4,4,4,4,4
LA MERCED,,,,,,,,,,,,,,,,,,,,,,,,,1.0,1.0,1.0,1.0,1.0,1.0,1.0,1.0,1.0,1.0,1.0,1.0,1.0,1.0,1.0,1.0,1.0,2.0,2.0,2.0,3.0,3.0,3.0,3.0,3.0,3.0,3.0,3.0,3.0,3.0,3.0,2.0,2.0,2.0,3.0,3.0,2.0,2.0,3.0,3.0,3.0,5.0,5.0,6.0,6.0,7.0,7.0,9,9,9,9,9,9,9,9,9,9,10,10,10,10,10,10,10,11,11,11,11,11,11,12,12,13,13,13
CHAUPI,,,,,,,,,,,,,,,,,,,,,,,,,1.0,1.0,1.0,1.0,1.0,1.0,1.0,2.0,2.0,2.0,2.0,2.0,2.0,2.0,2.0,2.0,3.0,3.0,3.0,3.0,3.0,3.0,3.0,4.0,4.0,4.0,4.0,4.0,4.0,5.0,5.0,5.0,5.0,5.0,5.0,5.0,5.0,5.0,5.0,5.0,5.0,5.0,5.0,5.0,5.0,5.0,5.0,5,5,5,6,6,6,6,6,6,6,6,6,6,6,6,6,6,6,6,6,6,6,6,6,6,6,6,6
OLMEDO,,,,,,,,,,,,,,,,,,,,,,,,,,,1.0,1.0,1.0,1.0,1.0,1.0,1.0,1.0,1.0,1.0,1.0,1.0,1.0,1.0,1.0,1.0,1.0,1.0,1.0,1.0,1.0,1.0,1.0,1.0,1.0,1.0,1.0,1.0,1.0,1.0,1.0,1.0,1.0,1.0,1.0,1.0,2.0,2.0,2.0,2.0,2.0,2.0,2.0,2.0,2.0,3,3,3,3,3,3,3,3,3,3,3,3,3,3,3,3,3,3,3,3,3,3,3,3,3,3,3,3
SAN JOSE DE MINAS,,,,,,,,,,,,,,,,,,,,,,,,,,,1.0,1.0,1.0,1.0,1.0,,,,,,,,,1.0,1.0,1.0,1.0,1.0,1.0,1.0,1.0,1.0,1.0,1.0,1.0,1.0,1.0,1.0,1.0,4.0,4.0,4.0,4.0,4.0,6.0,6.0,6.0,6.0,6.0,6.0,6.0,6.0,6.0,6.0,7.0,7,7,8,8,8,8,8,10,11,11,11,11,11,11,11,11,11,11,11,11,11,11,11,13,15,15,15,15
JUAN MONTALVO,,,,,,,,,,,,,,,,,,,,,,,,,,,,,,,,1.0,1.0,1.0,1.0,1.0,1.0,1.0,1.0,1.0,1.0,1.0,1.0,1.0,1.0,1.0,2.0,2.0,3.0,3.0,3.0,3.0,3.0,3.0,3.0,3.0,3.0,3.0,4.0,4.0,4.0,4.0,4.0,4.0,4.0,4.0,4.0,5.0,5.0,5.0,6.0,7,7,7,7,7,7,7,7,8,8,9,9,9,9,9,9,9,9,9,9,9,10,10,10,10,10,10,10
TOCACHI,,,,,,,,,,,,,,,,,,,,,,,,,,,,,,,,1.0,1.0,1.0,1.0,1.0,1.0,1.0,1.0,1.0,1.0,1.0,1.0,1.0,1.0,1.0,1.0,1.0,1.0,1.0,1.0,1.0,1.0,1.0,1.0,1.0,1.0,1.0,1.0,1.0,1.0,1.0,1.0,1.0,1.0,1.0,1.0,1.0,1.0,1.0,1.0,1,1,1,1,1,1,1,1,1,1,1,1,1,1,1,1,1,1,1,1,1,1,1,1,1,1,1,1
ASCAZUBI,,,,,,,,,,,,,,,,,,,,,,,,,,,,,,,,,,1.0,1.0,1.0,1.0,1.0,2.0,2.0,2.0,3.0,3.0,3.0,3.0,3.0,4.0,3.0,3.0,4.0,4.0,4.0,5.0,4.0,4.0,4.0,6.0,7.0,7.0,7.0,7.0,7.0,7.0,7.0,7.0,9.0,9.0,10.0,10.0,10.0,10.0,10,10,10,11,11,11,11,11,11,11,11,12,12,13,13,14,14,14,14,15,15,15,15,16,16,16,16,16
CANGAHUA,,,,,,,,,,,,,,,,,,,,,,,,,,,,,,,,,,,,1.0,1.0,2.0,2.0,2.0,2.0,2.0,2.0,2.0,2.0,2.0,2.0,2.0,2.0,2.0,2.0,2.0,2.0,2.0,2.0,2.0,2.0,2.0,2.0,2.0,2.0,2.0,3.0,3.0,3.0,4.0,4.0,4.0,4.0,5.0,6.0,6,6,7,7,7,7,7,7,7,7,8,8,8,8,8,9,9,9,9,9,9,9,9,9,9,9,9,9
SANTA ROSA DE CUZUBAMBA,,,,,,,,,,,,,,,,,,,,,,,,,,,,,,,,,,,,,,,1.0,1.0,1.0,1.0,1.0,1.0,1.0,1.0,1.0,1.0,1.0,1.0,1.0,1.0,1.0,1.0,1.0,1.0,1.0,1.0,1.0,1.0,1.0,1.0,1.0,1.0,1.0,1.0,1.0,3.0,3.0,3.0,3.0,3,3,3,3,3,3,3,3,3,3,3,3,3,3,3,3,3,3,4,4,4,4,4,4,4,4,4,4
LLOA,,,,,,,,,,,,,,,,,,,,,,,,,,,,,,,,,,,,,,,,1.0,1.0,1.0,1.0,1.0,1.0,1.0,1.0,1.0,1.0,1.0,1.0,1.0,1.0,1.0,1.0,1.0,2.0,2.0,2.0,2.0,2.0,2.0,2.0,2.0,2.0,3.0,3.0,4.0,5.0,6.0,6.0,6,6,6,6,6,6,6,6,6,6,6,6,6,6,6,6,6,6,6,6,6,6,7,7,7,7,7,7
AYORA,,,,,,,,,,,,,,,,,,,,,,,,,,,,,,,,,,,,,,,,,,,,,,,,,,,,,,,,,,,,,,,1.0,1.0,1.0,2.0,3.0,3.0,3.0,3.0,3.0,3,4,4,4,4,4,4,4,4,4,4,4,4,4,4,5,6,6,6,6,6,6,6,6,6,6,6,6
UYUMBICHO,,,,,,,,,,,,,,,,,,,,,,,,,,,,,,,,,,,,,,,,,,,,,,,,,,,,,,,,,,,,,,,,,,,,1.0,1.0,3.0,3.0,3,3,3,4,4,5,5,5,7,7,7,7,7,7,7,7,7,9,11,11,11,11,11,11,11,11,11,11
MINDO,,,,,,,,,,,,,,,,,,,,,,,,,,,,,,,,,,,,,,,,,,,,,,,,,,,,,,,,,,,,,,,,,,,,,,3.0,3.0,3,3,3,4,4,4,4,4,4,4,13,13,13,13,13,13,13,13,13,14,16,16,16,17,17,17,17,17
